"files","method","horizon","subs.1","subs.2","subs.3","subs.4","subs.5","subs.6","subs.7","subs.8","subs.9","subs.10","subs.11","subs.12","subs.13","subs.14","subs.15","subs.16","subs.17","subs.18","subs.19","subs.20"
"average_baseline.csv","average_baseline",-1,0.189019626907884,0.259929745968079,0.171966572535935,0.313239890969033,0.227894353405942,0.224914930936223,0.223565982761755,0.256743232427428,0.208708270639309,0.334468187861094,0.294223044590854,0.155332555793375,0.176020273467689,0.214705034879139,0.3053220764972,0.294635078576918,0.293813779522868,0.181520745368565,0.190489987044868,0.171230834623844
"averageARIMA_horizon_1.csv","averageARIMA",1,0.169611392593148,0.221900224500419,0.156913086437228,0.288754311159546,0.212594073524605,0.215438735914819,0.212763802766599,0.246988616129764,0.1944347525704,0.31235668232288,0.283174192761376,0.148630582576289,0.167713314595597,0.205382128794516,0.288894390085266,0.275492112012859,0.281463977536503,0.174368683043915,0.179760562605113,0.163470902929384
"averageARIMA_horizon_2.csv","averageARIMA",2,0.177858066104969,0.224823373462638,0.1646751156349,0.292976853075548,0.213195100368498,0.217490558841363,0.215297383519466,0.248950672409499,0.197491933381839,0.315221130910286,0.285311856985213,0.152372363268471,0.170129354513058,0.20772570260185,0.291231664091656,0.277841767651149,0.284228106534646,0.179173666318478,0.184220034306465,0.166728051728256
"averageARIMA_horizon_3.csv","averageARIMA",3,0.183227605004754,0.227491062323209,0.169245138405385,0.297267616777913,0.215318469984896,0.218558340500455,0.21701142140683,0.251386047686927,0.200005081407147,0.317112776925981,0.287078529749252,0.154803468061676,0.172164432190883,0.209022220857296,0.292606443839621,0.278905310280805,0.286238000425898,0.181850356108945,0.187309899382782,0.169028197544208
"averageARIMA_horizon_4.csv","averageARIMA",4,0.185802354696792,0.229808931826703,0.171029490943715,0.305995166093579,0.216185957939179,0.219626380433379,0.217902120385861,0.252152729622908,0.202124613442835,0.318470715881067,0.288457601538774,0.157212820170326,0.174118773032031,0.210224209664656,0.29452874019404,0.279571577590576,0.287875811987786,0.183056670502728,0.188986938456698,0.170103301810192
"averageARIMA_horizon_5.csv","averageARIMA",5,0.187517845516643,0.230950441504269,0.172037243278971,0.312065370300874,0.217453633595713,0.220460275724227,0.218020746123802,0.253437994016994,0.203382871060055,0.319684000125911,0.289364773918733,0.158574948278004,0.175571487118001,0.211210526267522,0.295468497606038,0.280490601608208,0.288973977963172,0.183571025568574,0.189812035974452,0.170520831596025
"averageARIMA_horizon_6.csv","averageARIMA",6,0.187523035994763,0.233677366898475,0.172169397328024,0.318352979100754,0.217942774720212,0.221207124348221,0.218419832443929,0.254009267365267,0.204694401152943,0.320382007159969,0.290122832066408,0.159023849590484,0.17667035603777,0.211659780971104,0.296046414520109,0.281946760254997,0.28968790245514,0.183745304165376,0.190534295801434,0.170753203586042
"averageARIMA_horizon_7.csv","averageARIMA",7,0.18725484081734,0.236621338766123,0.17184132433386,0.320167573519542,0.219165954460123,0.221721820409398,0.218647572223166,0.254787546098204,0.205457891358346,0.321359859198123,0.290685897675589,0.159127981066577,0.177504776540907,0.211883853558154,0.297205480261451,0.283624773657667,0.290836112536217,0.183560831945225,0.190658771583185,0.170968622962495
"averageARIMA_horizon_8.csv","averageARIMA",8,0.185981761468368,0.238280668002461,0.171062736378786,0.322574720140216,0.21942268561905,0.221959832961976,0.219134829503013,0.255171572352576,0.20617182165471,0.322190876475306,0.29097340073529,0.15784352288643,0.178119500603347,0.21189444450786,0.298344215134024,0.284054272551948,0.291689768162232,0.182970362072971,0.190485948823329,0.171039248171124
"averageARIMA_horizon_9.csv","averageARIMA",9,0.184991893395569,0.239572114412615,0.170108363257515,0.326952207082943,0.220389421981003,0.222218674326185,0.219097185300307,0.255124778061947,0.20658463260972,0.323315689616063,0.291152658270313,0.156474311647937,0.17871998079997,0.211613556713012,0.299283369533215,0.284869296644093,0.292392165810603,0.182407104498089,0.190342649461706,0.170888467492978
"averageARIMA_horizon_10.csv","averageARIMA",10,0.18374527859969,0.240970638955029,0.169071390970916,0.327145392111422,0.221448676749629,0.222613866972425,0.219470398242047,0.255525748958649,0.206431716532638,0.323855182950577,0.291181584989764,0.155196670966161,0.179242490127956,0.211816220648395,0.299857916146292,0.285721258210837,0.292925655517376,0.182147588644295,0.190316922554211,0.170714003003282
"averageARIMA_horizon_11.csv","averageARIMA",11,0.182626193874979,0.242742064813863,0.168205773905264,0.327334724274645,0.221947262822037,0.222974985641131,0.219706818200391,0.255823545934941,0.206019272554946,0.324502041399433,0.291046901029047,0.154790387055515,0.179193267538273,0.21175729337287,0.300181572527941,0.285714314548218,0.293390931370359,0.182118220346905,0.190142838759411,0.170625364645106
"averageARIMA_horizon_12.csv","averageARIMA",12,0.182111076648407,0.245113556625347,0.168103983165862,0.327082467887829,0.222650021202371,0.223499023127745,0.219796891664361,0.256014026862898,0.205599317298339,0.32552805142905,0.291665683122553,0.154293895373418,0.179319411218546,0.212262206120779,0.300426739516786,0.286304599535964,0.293529236474789,0.182043559752492,0.189805940555528,0.170743705770442
"averageARIMA_horizon_13.csv","averageARIMA",13,0.182296791488692,0.246687944147878,0.168662958361092,0.326803830947628,0.222891165442198,0.224255177407581,0.220423685683188,0.256003290389149,0.205540197748805,0.326096515096349,0.291594355545482,0.154451882497542,0.179226737248967,0.212715056585921,0.30074353580179,0.286748732134444,0.293438819584063,0.182248239038025,0.19002109786164,0.170890254710541
"averageARIMA_horizon_14.csv","averageARIMA",14,0.1836097667999,0.248075302068043,0.170201962443341,0.326477555362789,0.223436507800454,0.224791157762568,0.220964916804755,0.256014978112992,0.205827741738985,0.32675478352842,0.291628457516324,0.15536146854323,0.179436541932226,0.213011806108399,0.300786937646482,0.287169712867796,0.293397171533594,0.182951319820889,0.189925207391912,0.171223441331965
"averageARIMA_horizon_15.csv","averageARIMA",15,0.18560261028975,0.249041172189911,0.171644155807835,0.325974989771205,0.22376886066031,0.225337811580757,0.221422128586435,0.25563935337636,0.206019175319494,0.326985466599395,0.292080236616039,0.156065555110797,0.179448253848812,0.213239065536957,0.301396750109406,0.287645462885034,0.293733817869685,0.183481997653969,0.190177138437115,0.171539784663328
"averageARIMA_horizon_16.csv","averageARIMA",16,0.186961180480396,0.249880109692282,0.172159470620512,0.325470020648279,0.224471833704286,0.225799930041017,0.222113971211531,0.256036322944487,0.206131214209294,0.32758055239062,0.292020731690434,0.156661470873796,0.179390383020759,0.213679044358448,0.301763092528774,0.288005529976838,0.293916903289427,0.183487918995286,0.190118787244182,0.171470667729177
"averageARIMA_horizon_17.csv","averageARIMA",17,0.187296377617865,0.252168169298086,0.172113548270277,0.325140913091252,0.225083684850353,0.225914881056317,0.222393585657606,0.255805206433311,0.205895909060873,0.32801996218176,0.292019540170528,0.157057626237407,0.179531157174835,0.21371999611491,0.302456110762295,0.28796579427432,0.294097339739329,0.183128228463326,0.189920658761907,0.171137173574819
"averageARIMA_horizon_18.csv","averageARIMA",18,0.186847526243893,0.253667281077953,0.171697384709392,0.324630935716675,0.225900555944807,0.226125776798415,0.222715381877028,0.255738968314047,0.205485270820421,0.327992268365115,0.29224977687964,0.156961650045436,0.179722548265889,0.213723208820971,0.302962844507066,0.288820213611007,0.294416832133188,0.182261786665547,0.18914228275015,0.170640990870122
"averageARIMA_horizon_19.csv","averageARIMA",19,0.185684975333988,0.255493929331965,0.170656351481746,0.324190230999084,0.226773636606576,0.226166323031951,0.223209340703716,0.255209589940772,0.20493371492697,0.327659930703816,0.292321698128412,0.156653230913054,0.18000975117608,0.2129640211707,0.303228822257026,0.2895156599685,0.294582032775635,0.181180330578712,0.188406106615072,0.170520475319427
"averageARIMA_horizon_20.csv","averageARIMA",20,0.183637636835803,0.257400825952806,0.169080071251904,0.324225741708845,0.227006205687286,0.226210409554183,0.223462710079177,0.255027605952084,0.204327877832909,0.328153287293715,0.292776067492841,0.156165988391901,0.180384610349836,0.211781318650788,0.304131582965355,0.29028906319128,0.29456329311878,0.180059308597826,0.187810185723973,0.170686568922379
"averageARIMA_horizon_21.csv","averageARIMA",21,0.181244996262679,0.258733801504445,0.167185627545052,0.324580086962982,0.227830535942083,0.226101057525211,0.224004932040056,0.254950024105015,0.20383283687112,0.32874198075465,0.293369121657465,0.15549346698159,0.180601077522144,0.211184867543626,0.304492349824259,0.290934335238841,0.29481462440149,0.178873707206932,0.187226384029544,0.170655196281047
"averageARIMA_horizon_22.csv","averageARIMA",22,0.179200145316646,0.261056368212233,0.164963929282545,0.324803975243231,0.228071802774743,0.225810006220895,0.224298956593097,0.25429805406133,0.203639025452274,0.329139695480835,0.2936802609874,0.154553073847051,0.180988734803176,0.210551833478565,0.304725281929846,0.291459133453488,0.295046959368209,0.17818133581119,0.187091250639676,0.170720626086779
"averageARIMA_horizon_23.csv","averageARIMA",23,0.177205825987594,0.263623557200398,0.163126942292937,0.325207949385313,0.228977143065881,0.225711568134479,0.224390651453071,0.254212561794449,0.203501815890846,0.329293904233899,0.294459411603864,0.154183783813799,0.181358671819842,0.210908901736092,0.305295616486517,0.292509782048473,0.295296130814863,0.178234071279938,0.186898873247617,0.170877803669553
"averageARIMA_horizon_24.csv","averageARIMA",24,0.177018105121065,0.265679273857691,0.16351214282112,0.325446365560876,0.22956464138523,0.226040290543647,0.224482052931309,0.254170144985969,0.203833595767789,0.32957073358017,0.295211790926522,0.15419008558549,0.181857068707059,0.211034837116705,0.306048817751039,0.293471451211289,0.295230476323699,0.179466079708367,0.187732445298574,0.171220509414008
"ModifiedDSHW_horizon_1.csv","ModifiedDSHW",1,0.0501531788759763,0.0732232682817719,0.0545118932667667,0.0862273544262404,0.0784225534783039,0.0651236339569414,0.0575663044382713,0.056870753434085,0.0566694844338345,0.0693583957515345,0.068063884591967,0.0503652282914204,0.0446572827161535,0.0536371805387338,0.0708335027898961,0.0629573806233203,0.0621141843171077,0.0562795643193678,0.0712365816717396,0.0535807315743554
"ModifiedDSHW_horizon_2.csv","ModifiedDSHW",2,0.0691125264675908,0.0859275255949048,0.0721136048280318,0.104732881093907,0.0872173359264692,0.0736286212492024,0.0691162635089355,0.0657666124818206,0.0665947626061891,0.0887240032942888,0.0806472678096829,0.0602302820282363,0.0505569431057959,0.0660935967253666,0.0889015874364239,0.0780502671106871,0.0754218530033965,0.0658518094245285,0.08906919188073,0.0656701380756765
"ModifiedDSHW_horizon_3.csv","ModifiedDSHW",3,0.0826478609736838,0.0962044086630143,0.0806900662202611,0.111257566942681,0.0969144310761796,0.079522382782519,0.0771988408756612,0.0722973534241911,0.0757495217208286,0.102313873063438,0.0875472526714847,0.0670954387755853,0.0569691987033266,0.0748138060008184,0.0978756023243075,0.0881265616531273,0.0861947744096729,0.0731461205298537,0.106474605392109,0.0719271442697985
"ModifiedDSHW_horizon_4.csv","ModifiedDSHW",4,0.0895888847629327,0.10594299393686,0.0884812188768121,0.127112569600241,0.103435842291243,0.0866825960019768,0.0826768220174532,0.0754351032379008,0.0787470944629163,0.113554557363233,0.0930606403114493,0.0730748370939249,0.0626438824184965,0.0782288829313666,0.105572014454018,0.095834533504352,0.0941082382158756,0.0778921247085249,0.110677251865373,0.076810944764793
"ModifiedDSHW_horizon_5.csv","ModifiedDSHW",5,0.0956819759957817,0.11255602056398,0.0924094599084359,0.137622462007866,0.10709929295021,0.0908203732372204,0.0865715842417912,0.0790688442857613,0.0835956049819119,0.121953004960091,0.0966882166460105,0.075780346903237,0.0665452417035438,0.082270504917106,0.118947706099317,0.104383747718557,0.102819386929403,0.0798013558238694,0.113009037758154,0.0787299969095211
"ModifiedDSHW_horizon_6.csv","ModifiedDSHW",6,0.0986528680529802,0.118880057303185,0.0945029315532298,0.149836553900426,0.109845816983889,0.0949774237162184,0.0902532444370523,0.0819195172878454,0.0884808345091815,0.125591767733757,0.103176325160646,0.0772715748197667,0.0707482199666451,0.0862833428261571,0.129098460853829,0.110361963662404,0.107282019360798,0.0821465205367209,0.114724569449898,0.0789117408973045
"ModifiedDSHW_horizon_7.csv","ModifiedDSHW",7,0.100500211306691,0.124803094554236,0.0953920211495605,0.153833527355594,0.112238298039518,0.0975152055710746,0.0929257043965578,0.0833716475181153,0.0896349125602799,0.131463497436953,0.111938204950046,0.0785886427424496,0.073365622079687,0.088819399744314,0.139208398355787,0.116006375766962,0.111133126210266,0.0818325873646234,0.117148952458854,0.079824597076116
"ModifiedDSHW_horizon_8.csv","ModifiedDSHW",8,0.0993023142258223,0.129330424454529,0.0934892281473955,0.155385797320131,0.112804876225142,0.0987914558656211,0.093355041907371,0.0864832931755263,0.0898363660650124,0.137243945684676,0.113269875632049,0.0771445763519381,0.0754845526074854,0.0891552382026764,0.144735150266418,0.119384014534095,0.116786633490552,0.0815663886068924,0.116347824514416,0.0799966334360039
"ModifiedDSHW_horizon_9.csv","ModifiedDSHW",9,0.0966726366611277,0.129822538389756,0.0905685926338214,0.162796802456652,0.116061251438914,0.100839603044319,0.093951083761683,0.0887888519710968,0.0910548555624064,0.141351520574698,0.119360973323426,0.0758234443446826,0.078287851518274,0.0897989431971371,0.154019257067247,0.123139352666673,0.119811865736931,0.0801535389793467,0.115884441249378,0.0794966806016673
"ModifiedDSHW_horizon_10.csv","ModifiedDSHW",10,0.0957602162074994,0.129805593050679,0.0897688355214593,0.156917066230097,0.119567274937595,0.102071685532897,0.0945054506911184,0.090127292523709,0.0901811171477999,0.142630010348404,0.123218732840612,0.074682517621148,0.0797858854553254,0.0906817068496358,0.162447227126659,0.125771128695318,0.123340439108303,0.0786792072087344,0.115362321042743,0.078729391967006
"ModifiedDSHW_horizon_11.csv","ModifiedDSHW",11,0.0955302073430999,0.130395498514742,0.0891156454753481,0.153764313551163,0.121457643683007,0.103452188244254,0.0964885171411108,0.0913035192418091,0.0899026951421647,0.145225426828853,0.126604634289815,0.07348335663587,0.0804447922210549,0.0919690427704236,0.168537572011178,0.127216536305835,0.12690945628399,0.0787831402142797,0.115458867287215,0.0784561640224674
"ModifiedDSHW_horizon_12.csv","ModifiedDSHW",12,0.095187184148915,0.134007660780395,0.0884087780967478,0.149086916288397,0.121704485222076,0.103602800347639,0.0962461103544358,0.0920854764200877,0.0881894745186604,0.148109615341759,0.129009503092029,0.0727842151749859,0.081966216467694,0.0925032495918258,0.175517828816868,0.130428030199085,0.131715420078945,0.0778174231656392,0.116552988086582,0.0784321485519918
"ModifiedDSHW_horizon_13.csv","ModifiedDSHW",13,0.095529470746778,0.135558289817874,0.0897914307536002,0.146869904736947,0.123228790030179,0.104743109767424,0.0980810025629295,0.0927302192949753,0.0883486313373811,0.15167306721317,0.131729968591907,0.0732059556556762,0.0828075460895405,0.0947177610346974,0.18408525069374,0.133532720830738,0.134711960912735,0.0779546052395092,0.116995075491251,0.0783266567595301
"ModifiedDSHW_horizon_14.csv","ModifiedDSHW",14,0.0959698920724021,0.139596737318857,0.0904137714836489,0.143534012372867,0.125518934251414,0.106064148495185,0.0992832980442697,0.0912577510714216,0.0889942215731739,0.156431993847564,0.134323812033969,0.0747002701440819,0.0823560741966741,0.0951666745999066,0.190904311405653,0.1372524290496,0.139339054659842,0.0786735811386301,0.116889833372689,0.0786065789962798
"ModifiedDSHW_horizon_15.csv","ModifiedDSHW",15,0.0979829042867512,0.143209584666427,0.0915294284586498,0.140363991411552,0.12848449923715,0.107363209943401,0.101386865390737,0.0907318117160575,0.090052384318279,0.15995737892129,0.13835086203265,0.0758254975202812,0.0825221962689402,0.0985607810720746,0.197876624911095,0.140539996944544,0.143222011059117,0.079670819961751,0.116579553971941,0.0781259017943551
"ModifiedDSHW_horizon_16.csv","ModifiedDSHW",16,0.0987793349742054,0.14475143884193,0.0933091553338998,0.141527036633333,0.129895350565503,0.108361511789047,0.102791904163299,0.0920519896766472,0.0908313200963211,0.1644706193818,0.141097489628508,0.0771958282233986,0.0817955574077134,0.10051237774171,0.20449809094386,0.144563490909858,0.147767141288998,0.0793383796062575,0.117737790290605,0.0767375765099616
"ModifiedDSHW_horizon_17.csv","ModifiedDSHW",17,0.0999047133111292,0.147163696604698,0.092233204809498,0.143137404769616,0.13063225558853,0.108570686979264,0.102784247767525,0.0921158899037296,0.0914021476618494,0.166237185696798,0.143195359838821,0.0771063369571923,0.0820038380323665,0.101024363987795,0.212330994843736,0.14815479722679,0.151178572566643,0.0795162898529434,0.117395640658411,0.076493573564036
"ModifiedDSHW_horizon_18.csv","ModifiedDSHW",18,0.0996877024394255,0.149254089282097,0.0909420515386181,0.139493840883017,0.13377596393369,0.1085617666757,0.101344329122583,0.0927796349677926,0.0914758310906815,0.169517653430044,0.146491934178918,0.0773307480055493,0.0826584367638296,0.101143791226443,0.219330121266081,0.151655218198862,0.153813670269976,0.0783959037514296,0.115907258695353,0.0755909785009262
"ModifiedDSHW_horizon_19.csv","ModifiedDSHW",19,0.0985922795083508,0.152244350798656,0.0883731737130422,0.140341086367329,0.135195123871005,0.10785846822086,0.100808303456421,0.0934859029342819,0.0908868554132246,0.171723148698464,0.149527944917715,0.0765759976217877,0.082823242175477,0.101526146596417,0.22331273176645,0.15404641964601,0.157176377177633,0.0780852857944036,0.114709205611346,0.0755246667501257
"ModifiedDSHW_horizon_20.csv","ModifiedDSHW",20,0.0958297940792938,0.153004644960137,0.085785764384426,0.140491676759757,0.137594887861589,0.108080492923577,0.100983058769394,0.0950979911288975,0.0908922493916196,0.174687632962047,0.151844956935652,0.0764263696398635,0.0838407040718813,0.102683543264463,0.228915654610834,0.156187871753715,0.159996359433385,0.0774319642749231,0.11367631393299,0.0760018552954052
"ModifiedDSHW_horizon_21.csv","ModifiedDSHW",21,0.0928834002336696,0.152049691184992,0.0834783768034639,0.140994588952076,0.138654596723946,0.107564617630216,0.10150009422778,0.0967013876048389,0.0903974544151822,0.176637664422788,0.155123118617313,0.0760061775786667,0.084409378627432,0.10391455565966,0.234891277189485,0.159246368277566,0.163793739563998,0.0767868863218237,0.113682495813767,0.0762244127874845
"ModifiedDSHW_horizon_22.csv","ModifiedDSHW",22,0.0908193516931082,0.151876645176052,0.0796985424128662,0.142719240482318,0.139957056508793,0.109267865344753,0.10087035958887,0.0979026149047399,0.0905579973351528,0.179779681765604,0.156498889878793,0.0751520959690115,0.0856933868457714,0.104151005695561,0.240081798575847,0.162841491407063,0.167336841049122,0.0750637816409767,0.113312439468701,0.0762040565981236
"ModifiedDSHW_horizon_23.csv","ModifiedDSHW",23,0.088399435335226,0.152142178738275,0.0768299763283962,0.144570138080356,0.141660906430745,0.109868004896387,0.101058085039791,0.0986645684813341,0.0905735345695933,0.182636125980688,0.159578936458864,0.0752523849895085,0.0865512320705891,0.104348970297828,0.24493135957388,0.163833915359947,0.170582626071095,0.0745099696279423,0.11324853137531,0.0769753084323632
"ModifiedDSHW_horizon_24.csv","ModifiedDSHW",24,0.0878522044146215,0.150682919733739,0.0756311010596789,0.147337639321204,0.14448838854337,0.11127286319649,0.100394300755033,0.0994365263127415,0.0929857531795045,0.185988928366788,0.16341952057422,0.0752616783647229,0.0878898421937708,0.105401650100286,0.250684263926111,0.167415940401427,0.174804362859514,0.0747005264221769,0.114372469737971,0.0775927738404633
"OriginalDSHW_horizon_1.csv","OriginalDSHW",1,0.0662861490254922,0.0945479335953425,0.0720583785186888,0.108810031054591,0.0866758980267997,0.0757619876579106,0.0675328690175355,0.0714474070307022,0.064547558027507,0.0763464240151802,0.0888864161989858,0.0594158422869609,0.0466420171132406,0.0631660650211662,0.0857211466744863,0.0882834859660564,0.0888123775983581,0.0660231060151819,0.090294960177027,0.0603490060897314
"OriginalDSHW_horizon_2.csv","OriginalDSHW",2,0.0854983584788695,0.121103436251237,0.0811862601757225,0.132837867085772,0.105655322325534,0.0864627485349278,0.0789240172647277,0.0783092203812283,0.0767020256383538,0.100647033329495,0.10351373057167,0.0682533722908811,0.0550124409024961,0.0779240272011941,0.110254847245638,0.100754969108405,0.10661377137049,0.0786588760990082,0.101280644530616,0.0680100860538282
"OriginalDSHW_horizon_3.csv","OriginalDSHW",3,0.101689593600281,0.140751278468403,0.0859657336297835,0.147793574341907,0.120655667024933,0.0941480908468061,0.0876480276202937,0.084652511151023,0.0844294302742344,0.118391381875096,0.112626148708276,0.0748931774908132,0.0627562991132578,0.087490706934373,0.125798320232702,0.111595950806017,0.119148035569887,0.0871737503369971,0.107968107334472,0.0717641212553456
"OriginalDSHW_horizon_4.csv","OriginalDSHW",4,0.111437246879607,0.157829308839222,0.0896860876994366,0.164846880574379,0.133711133131646,0.0999015641966763,0.0942103382417512,0.0884358362255232,0.0889450787147172,0.131680523294356,0.120339903176981,0.0796457849131581,0.0683064095598451,0.092597995381527,0.139928047455009,0.119896682024846,0.129260289251871,0.0931771011996676,0.109626211509726,0.0735374937400772
"OriginalDSHW_horizon_5.csv","OriginalDSHW",5,0.120647343531374,0.173101736035601,0.0922116420533055,0.178433686291321,0.146416150602213,0.105119057829429,0.0985071952560924,0.0927685864106218,0.093455475640397,0.141942786938264,0.126040506217034,0.0820552957487443,0.0730429825644435,0.0966444686480699,0.152491576679455,0.128202339628918,0.138431539800732,0.0974109572474155,0.111255499622383,0.0752123153437876
"OriginalDSHW_horizon_6.csv","OriginalDSHW",6,0.125589865882212,0.184968384227643,0.0934390029952957,0.188979802165864,0.157587837725313,0.109320017164405,0.102846063704346,0.0963907878113558,0.097860746027626,0.149707376430754,0.13141953156869,0.0832409211423061,0.0777026762908574,0.100064706299115,0.162461274481124,0.134556042816493,0.147615757333263,0.100385759006834,0.111749360663922,0.076031189875435
"OriginalDSHW_horizon_7.csv","OriginalDSHW",7,0.130237184067939,0.193871885465927,0.093602633609092,0.197070965450054,0.169361436547837,0.112226655777927,0.107037918871107,0.0989332453845823,0.0999849980782706,0.155228858484899,0.135101431552559,0.0836939160050861,0.0812688363514648,0.10248279898321,0.171448090003535,0.1412714789616,0.154824872159059,0.102566205328775,0.112879425671612,0.0763652827204245
"OriginalDSHW_horizon_8.csv","OriginalDSHW",8,0.132021918632658,0.201398151024259,0.093263452630558,0.204446793946448,0.180349856255307,0.114375436621813,0.110412122840926,0.101000952354869,0.101291202138694,0.159423163140935,0.137204047481416,0.0826841533445995,0.0845269626261796,0.104565361000587,0.179040751496649,0.146952727785672,0.163350905639335,0.104783805791839,0.113893743675553,0.0766586786811739
"OriginalDSHW_horizon_9.csv","OriginalDSHW",9,0.133330479612617,0.205741269824269,0.09226543543162,0.211903179145792,0.192404507785118,0.116663506954788,0.113678312559036,0.104572541636755,0.102503586479589,0.161730776429901,0.139338072016156,0.0807761682386589,0.0865052316482268,0.10686321819497,0.185926511784275,0.152787568095843,0.16984110296993,0.105513901155374,0.114595046941992,0.0772021453463486
"OriginalDSHW_horizon_10.csv","OriginalDSHW",10,0.133613160936563,0.205585901794589,0.0923287472106488,0.211021979356742,0.203198847177367,0.118694654619901,0.116695788307816,0.10622727629831,0.104306298046567,0.164448229814221,0.141631771599147,0.0798032303805103,0.088047206273197,0.109199132831321,0.192423453762006,0.15784168387514,0.175308617241278,0.106990481593021,0.115311262191408,0.0779733030706969
"OriginalDSHW_horizon_11.csv","OriginalDSHW",11,0.134899854925752,0.205824879635312,0.0929574908576978,0.209594116946932,0.213182487730556,0.120386918402509,0.118668911005935,0.108832935181548,0.10625702118174,0.16745057775143,0.1433892231313,0.080436759350406,0.0896666928233947,0.111738560726966,0.198714307285547,0.162950479653442,0.180900873615925,0.108016895120625,0.115635632839719,0.0785042163834288
"OriginalDSHW_horizon_12.csv","OriginalDSHW",12,0.135492703287969,0.206958226316457,0.0930252800286516,0.207564353221397,0.220714846791775,0.122010128974283,0.120574676415832,0.110303001129649,0.108107304599099,0.171774490105658,0.146330021563052,0.0818251015593115,0.0911772113736302,0.113937536114063,0.205465694755464,0.16839713506433,0.185743110530381,0.108421138277095,0.1166854351315,0.0790298241891036
"OriginalDSHW_horizon_13.csv","OriginalDSHW",13,0.136527908755275,0.208516218828091,0.0932589905248189,0.205252325971434,0.227418174232638,0.12411953472074,0.122241061269674,0.111108169271402,0.11025514509642,0.176839480329032,0.150839019534949,0.0837745823584325,0.0917233704076122,0.115782291346004,0.212893377482089,0.173438048256404,0.190926011352198,0.10920852226295,0.117505434164132,0.0795609860682455
"OriginalDSHW_horizon_14.csv","OriginalDSHW",14,0.13720713607331,0.209466647032162,0.093910888840938,0.2016759277781,0.234309689248389,0.125399564588441,0.123523191061039,0.111365814036699,0.112353913099848,0.182171237064552,0.155365223160109,0.0868031157258465,0.0917006521665875,0.117829363829392,0.219923530710718,0.177955441569399,0.195062201729596,0.109164083972743,0.118114538625678,0.0798527627519963
"OriginalDSHW_horizon_15.csv","OriginalDSHW",15,0.138478254040434,0.21117025299542,0.094441558640825,0.197814872888611,0.241634929442728,0.126247429842427,0.124506951988381,0.11193540426478,0.114395673632186,0.187958409511469,0.159633857599567,0.089180301459551,0.0912062191009972,0.120677594376833,0.226652018296426,0.182255972073483,0.199288968114106,0.108661993091673,0.11861327932991,0.0796642399680697
"OriginalDSHW_horizon_16.csv","OriginalDSHW",16,0.139258972098553,0.210983548662702,0.0942054944830035,0.19728458350152,0.250387180545773,0.126929737942444,0.125421142990113,0.113245857427913,0.115635381538991,0.193558791230415,0.162945935124481,0.0915727684840885,0.0906134961948282,0.12308975847323,0.233840664220857,0.186695283572841,0.203731477190661,0.108179661694504,0.119133508573081,0.0793336319837587
"OriginalDSHW_horizon_17.csv","OriginalDSHW",17,0.138647237517333,0.21122340090319,0.0930167023717779,0.196209934138133,0.257800825385504,0.127795474505334,0.125310205615737,0.113447931660797,0.116605119387517,0.198150435997741,0.165412416342074,0.0925012895798468,0.090431743860884,0.124476604070857,0.240538267139802,0.191436237306215,0.208384814148585,0.106794237653044,0.11953896317402,0.0795022250446533
"OriginalDSHW_horizon_18.csv","OriginalDSHW",18,0.137272014827658,0.211713934720409,0.0914570273122014,0.189898006124479,0.265035953698102,0.128169126389769,0.124569990726548,0.113860807333135,0.116953248882663,0.200795456368817,0.168735832141494,0.0929699853400867,0.0905049538878504,0.125769333055294,0.246618370047916,0.195151593382597,0.211762883668531,0.104348494691449,0.119810130143278,0.0794138642131563
"OriginalDSHW_horizon_19.csv","OriginalDSHW",19,0.134837815785914,0.209680807578556,0.0901752965609351,0.189277069959379,0.273479358869471,0.128918927840714,0.124499576866462,0.114803582046805,0.117304776936886,0.202632173118559,0.171045422955635,0.0925207193217659,0.0900507392961896,0.126533353938202,0.252073427343502,0.198584471120366,0.215168987605839,0.10242470338407,0.120163264772142,0.0799558768828814
"OriginalDSHW_horizon_20.csv","OriginalDSHW",20,0.13105231854314,0.20678874136152,0.0891946840839394,0.188824225142205,0.279773159365972,0.129906577958272,0.124658168978696,0.116720193925905,0.117708765512515,0.204354908410656,0.17339832016201,0.0916859936914328,0.0902279801133299,0.127907903685575,0.258290216094259,0.202692709494523,0.218647920174456,0.100497688635691,0.120933353580599,0.0803870418055751
"OriginalDSHW_horizon_21.csv","OriginalDSHW",21,0.127195859960846,0.203785789770986,0.0886406667761869,0.188651155343984,0.286444514083154,0.130753243145282,0.125039140323177,0.118132948229189,0.118290518036349,0.205719887894958,0.174606355968762,0.0900640399944688,0.0901787794736283,0.129665661834807,0.265960925918777,0.207144554460055,0.223489927843875,0.0991677822643003,0.121516520665475,0.0809521012580678
"OriginalDSHW_horizon_22.csv","OriginalDSHW",22,0.122391912483071,0.199190542552007,0.088190175369707,0.190265645223075,0.292254995498327,0.132385144602816,0.126096014282082,0.119120299469116,0.119760158585449,0.206876669276743,0.175394127384399,0.0883093566625244,0.0905285453264351,0.132550776929949,0.273191848681534,0.211405118461147,0.227683801859687,0.097532719260601,0.1224078713973,0.0817418638516706
"OriginalDSHW_horizon_23.csv","OriginalDSHW",23,0.118433927066291,0.196566859381659,0.0889657098811715,0.193810058852039,0.299961103198106,0.134307877492437,0.128254831528902,0.120971922162098,0.121889360957863,0.210258880183542,0.177054175912517,0.0871893231379701,0.0905399313701456,0.13616582401574,0.280598996671805,0.215992060515799,0.232585210759532,0.0968713508828005,0.123285640792893,0.0831296197943509
"OriginalDSHW_horizon_24.csv","OriginalDSHW",24,0.11751365875607,0.195440400234309,0.0911716393011211,0.199466371383014,0.308692918725859,0.137296564272011,0.13020919498807,0.123229818264337,0.125059226953964,0.215798326869601,0.178910700067295,0.0872751877161606,0.0912073960351511,0.140790547683899,0.28936468538125,0.221402064272827,0.237442054906487,0.0985807617745234,0.124217994424298,0.0846473765973942
"randomforest_horizon_1.csv","randomforest",1,0.0498198349756279,0.0722678356446076,0.049641523073288,0.088898548452663,0.0753421845148188,0.0619783438040766,0.0589781692648897,0.0535502289694167,0.0596979276308807,0.0674122527483216,0.0624936276181013,0.0517105188984187,0.0435152288702073,0.055132266063675,0.0656634062632881,0.0653320881147467,0.0677994128250033,0.0509826596753285,0.0851656221947205,0.0494338372983272
"randomforest_horizon_2.csv","randomforest",2,0.0650503691295588,0.0882172796377385,0.0624980023218537,0.107199756799435,0.0886543913733069,0.0754801540862614,0.0723401664662054,0.0654653768501172,0.0737063580678306,0.0858494237481757,0.078034829496516,0.0633612649789323,0.0531583619546887,0.0679864154778786,0.0800279053324747,0.0845899541670732,0.0921060076935452,0.0598509424645618,0.0994367264407541,0.0590406298529138
"randomforest_horizon_3.csv","randomforest",3,0.0716640084227627,0.0962003523127025,0.0674821849444172,0.118760229280425,0.0971489466459795,0.0824635917830543,0.0809880509251141,0.0726067025419432,0.0827226157455132,0.097506171752777,0.0884586847772898,0.0685607363334624,0.0586402994465574,0.0741604850088355,0.0867681501919021,0.0948530832808662,0.11171515793464,0.063962146621452,0.106493362974307,0.0644697423733944
"randomforest_horizon_4.csv","randomforest",4,0.0744659685987405,0.104343548300489,0.0698762254655949,0.130343027004646,0.101573315633025,0.0872577296349051,0.0859714489050339,0.0766104318303864,0.0861372972629024,0.107845669690305,0.0949663484658772,0.0705552325370118,0.0620347905657552,0.0780228873680082,0.0923807340076893,0.103493393755718,0.122754640596016,0.0650645267945207,0.108251035910495,0.0659932124736392
"randomforest_horizon_5.csv","randomforest",5,0.0748760497362553,0.10998908497682,0.0716616245697032,0.140693141841223,0.106994495805107,0.0916981723074504,0.0866605978759639,0.0790763266261621,0.0889845218794233,0.115789575644673,0.0987349679898628,0.0713390775015421,0.0648495161412805,0.0806388161657636,0.0993514801320113,0.10869307932837,0.131310784856962,0.0657408855597081,0.109296790211897,0.0673736115988606
"randomforest_horizon_6.csv","randomforest",6,0.0750594597558268,0.115334910047158,0.0722585152660399,0.145728377388482,0.110956620670367,0.0939299703610079,0.0860094082478015,0.0808672859416264,0.0897524809563894,0.119204737476091,0.100167334279235,0.0716635818202786,0.0652012958539882,0.0823830898014335,0.103871837732114,0.113478296277247,0.134808572507139,0.0665244970364363,0.110467562498571,0.0674627284829361
"randomforest_horizon_7.csv","randomforest",7,0.0751538757633516,0.119898905179201,0.072120186091862,0.14837048571371,0.113743637111425,0.0960028468099195,0.0846226110760681,0.0820880027261397,0.0907657891887762,0.122475402549997,0.101494110779457,0.0712003547806885,0.0659331133619903,0.0827681173554324,0.107836438505518,0.114412022259045,0.139959134487672,0.0672331649946317,0.110387159178264,0.067325800361134
"randomforest_horizon_8.csv","randomforest",8,0.076600905197795,0.120074084994965,0.0721528848816669,0.151279105356575,0.116665799687757,0.0971206155111385,0.0837361080291322,0.0842963644861232,0.0903034893743436,0.125189862337187,0.10151117215532,0.0710907080937341,0.0659039266126003,0.0830215166222749,0.110258737924321,0.112791996638869,0.140495351584247,0.0676995490756499,0.109016370901343,0.0679103031903245
"randomforest_horizon_9.csv","randomforest",9,0.0768320992552757,0.122034753625162,0.0717768162075926,0.152281603345823,0.117984049705589,0.0981046787092704,0.0841181658076419,0.084274974764898,0.0901294394370113,0.126354981921054,0.103587711624837,0.0707375427657937,0.0659989483718819,0.0835921959161078,0.114812019508025,0.112968381099398,0.143182707173871,0.0678045904757013,0.108727320552262,0.0688255787892297
"randomforest_horizon_10.csv","randomforest",10,0.0768697490533147,0.121042771180195,0.0715061561251804,0.15344487793187,0.120090789320495,0.0994594134652962,0.0847130713095887,0.0861812878711473,0.0909830587958351,0.128136666342476,0.10293699137242,0.0704760152421129,0.0661048204058402,0.0842186233962185,0.115846932559261,0.113158144607883,0.146060008991627,0.0680812354694118,0.106191189805583,0.0689656349212971
"randomforest_horizon_11.csv","randomforest",11,0.077406269398108,0.120644836023865,0.0720146942994244,0.152459008712119,0.120998080957294,0.0993514044265694,0.0849930651029481,0.087289152721502,0.091327508994001,0.129197483823262,0.10452794464288,0.071761818379713,0.0661747891445257,0.0850193200552902,0.11767125604053,0.114431012818468,0.147376567372368,0.0686462946028251,0.106139379196123,0.0693502222763204
"randomforest_horizon_12.csv","randomforest",12,0.0772575555099469,0.123174852546185,0.0723677518348515,0.153017366519447,0.121133988183446,0.0995414955332829,0.0855085190896052,0.0878878625549152,0.0921557288461815,0.13128088477114,0.105266380302429,0.0714315531712694,0.0664123221285432,0.0862162875742669,0.118586499369816,0.114872837801904,0.148975763104147,0.0685700594210804,0.105787513106919,0.0701275830559052
"randomforest_horizon_13.csv","randomforest",13,0.0770369502898722,0.12402351855251,0.072808613815715,0.152884785302461,0.121616796628663,0.0997832639687981,0.0864276480990187,0.089424085369493,0.093642405452443,0.131147156216593,0.106227878147727,0.0724869223802814,0.067272958126774,0.0870548620455848,0.121417816269107,0.116704247786778,0.152337838546097,0.0690283585181923,0.106429087259125,0.0698722593363997
"randomforest_horizon_14.csv","randomforest",14,0.077174706757862,0.123270854730219,0.0722266008924978,0.153313305344936,0.122831143232098,0.0994431395055163,0.0875013514719194,0.0889519852734931,0.0937274975830792,0.133028159418808,0.10890864597245,0.0732411259296616,0.0676081839365637,0.0885958053833249,0.124010277251819,0.118386435001526,0.154741469533048,0.0695426838079045,0.106704050501605,0.070067659438927
"randomforest_horizon_15.csv","randomforest",15,0.0775636113976133,0.123934133609924,0.0724379155101573,0.154665207489244,0.124570105656006,0.100338894362695,0.0879915887288863,0.0889076390088705,0.0936916305124747,0.135170491441978,0.11087057464896,0.0747287581557732,0.0685327667498458,0.0888546631361943,0.126051432475533,0.119310132861661,0.153630474813986,0.0689966689771859,0.107074076469964,0.0700687131313583
"randomforest_horizon_16.csv","randomforest",16,0.0761011509510393,0.125604068433276,0.0719002402877285,0.156896130008916,0.125342281312658,0.101668138210401,0.0887689666492062,0.0886583693438473,0.0942510966947667,0.136574133073689,0.113019683083656,0.0741393099023463,0.0682612255762399,0.0892181387421858,0.128274674979674,0.122109551881439,0.155577552562248,0.0686419456043391,0.10717492407729,0.0700701961697447
"randomforest_horizon_17.csv","randomforest",17,0.0762688517189525,0.123925393293796,0.0720054324958725,0.160484613742946,0.12696641290679,0.103686012532485,0.0894690154697418,0.0897459623694044,0.0954185516029479,0.138664126295213,0.114107921917629,0.0750654902253782,0.068793871306465,0.0910297692949266,0.132134305286159,0.123644677340141,0.157118328003931,0.0684852378215118,0.106157329108163,0.0705744182731804
"randomforest_horizon_18.csv","randomforest",18,0.0764765916094795,0.125563273999836,0.0717557064259396,0.16189004968304,0.128476616602736,0.105278596435377,0.0906964243905849,0.0885591603583422,0.0948594115926679,0.142223589558472,0.114960039932608,0.075897358066957,0.0671672169429844,0.0915325551592996,0.134580642199748,0.123838243982876,0.158820462032864,0.0680954283980992,0.106127254815476,0.0703660083135871
"randomforest_horizon_19.csv","randomforest",19,0.0772333663087375,0.126507130958602,0.0723277374536542,0.162416502497827,0.129229656427076,0.105466246616004,0.0901392699060351,0.0881112126511431,0.0942823491232508,0.142464787075637,0.114213877147261,0.0761212826761162,0.0658723664230246,0.0907506299523047,0.135429081507125,0.121850744829704,0.157914305342187,0.0679344828231876,0.104991481170987,0.0697818442800638
"randomforest_horizon_20.csv","randomforest",20,0.0766663300276123,0.12426147759217,0.0719830183176164,0.163686447794709,0.130225955176983,0.106497867702538,0.0893962554515343,0.0867826657151397,0.0943344280596797,0.142335094885552,0.115564222555818,0.076419049595652,0.0658165598747623,0.091305772224788,0.133642441489922,0.122318266605881,0.158415733328847,0.0680057021078573,0.105393273926274,0.0703222349556619
"randomforest_horizon_21.csv","randomforest",21,0.0767369082314027,0.125517537436435,0.0707603179584104,0.162025188375163,0.130086410919948,0.107645419268497,0.0871814523320022,0.0858575708172874,0.0931462154849694,0.143579052309902,0.114289373580619,0.0741492691223099,0.0636252350895096,0.089796522273541,0.135575584803729,0.12094555902172,0.158323468649602,0.0667874966161835,0.106503201594835,0.0687234091506367
"randomforest_horizon_22.csv","randomforest",22,0.0770138770618883,0.126349516902358,0.0707145038668333,0.162875510304304,0.132087290557899,0.10751853356061,0.0867108567943086,0.0860132801234428,0.0933830751118239,0.144198885494584,0.114658836959532,0.0737893102685431,0.0626864933077013,0.0901580671955013,0.135865593272514,0.121095725251654,0.159765616478469,0.0669509231063402,0.106966729603643,0.068130817774336
"randomforest_horizon_23.csv","randomforest",23,0.0765676879851202,0.128286792861332,0.0707510034537058,0.163327978005604,0.132952494331216,0.107688654006376,0.0861816764766516,0.0851852076104312,0.0934298128246705,0.144210276943913,0.114322815606218,0.0736035865181205,0.0627523776448513,0.0900367457858307,0.137142625410395,0.121478227916684,0.160491907520384,0.0668514920684584,0.106312326133715,0.0676732420809099
"randomforest_horizon_24.csv","randomforest",24,0.0778407440633403,0.131149087528125,0.0706633290971528,0.165224837890888,0.135706173081843,0.109115820473665,0.085723139435638,0.0855069534129573,0.0954285545588571,0.14678776494534,0.116298106021662,0.0761777136827152,0.0643371526509107,0.0902531873257454,0.139170244323806,0.12461558238526,0.166740857269361,0.0672761127997214,0.108219682517502,0.0681789037355426
"SemiParametricArima_horizon_1.csv","SemiParametricArima",1,0.0471727045556705,0.0961293026687519,0.0535792799728081,0.0810240542814723,0.0772220942750296,0.0586028191355485,0.0539968725473642,0.0542978726146352,0.0539565490961483,0.066132521710146,0.0641037449020486,0.0447815112331944,0.0401057335110295,0.0561979204100404,0.069941643099009,0.062195811213656,0.067514962883908,0.0520588926207042,0.0781608026852317,0.0505594443722495
"SemiParametricArima_horizon_2.csv","SemiParametricArima",2,0.0619090563302483,0.11393233109673,0.0695736866778948,0.096731758621291,0.0922451715776947,0.0663809973377915,0.065952506372251,0.0646127786834604,0.0619936466251935,0.0824502294172482,0.0760639568402599,0.0506897161445776,0.0493318545650614,0.0673603175262034,0.0848964894379766,0.0803930827797703,0.0864139467206192,0.0586039260716592,0.0984473085525907,0.0583956248714054
"SemiParametricArima_horizon_3.csv","SemiParametricArima",3,0.0710294775268743,0.12304261856609,0.0773127844770174,0.105713659407557,0.103563828021921,0.072146578701926,0.0746419486571578,0.071320333895484,0.0671163479444483,0.0921530737001328,0.0826414226433668,0.0557869214354566,0.0560958062948666,0.0740264397977843,0.0924408751742838,0.0920468279256508,0.100244682367247,0.0613766618602848,0.111274223213038,0.0637712416176683
"SemiParametricArima_horizon_4.csv","SemiParametricArima",4,0.0746826789474179,0.131347444601395,0.0832674394623677,0.117347569155269,0.109100212078053,0.0769155331902844,0.0808135192748639,0.076369583599052,0.0690812088291509,0.100502249980658,0.0873738381581316,0.058126460857897,0.0610800969816367,0.0777209480164741,0.100054271591471,0.100578858888273,0.111845193964038,0.0645820860118297,0.115589290393663,0.0666530682647431
"SemiParametricArima_horizon_5.csv","SemiParametricArima",5,0.0777722751621205,0.140250058277936,0.0863157200263145,0.125912040879222,0.115775046453704,0.0811111857727613,0.0854391103972019,0.0810206382317914,0.0733974006190201,0.107996169705771,0.090733797465461,0.0596875937046909,0.0649868977266952,0.0810655468757895,0.107128347318679,0.1087229360754,0.12136856229278,0.0661433120909233,0.118605374815291,0.0691558377424238
"SemiParametricArima_horizon_6.csv","SemiParametricArima",6,0.0798532580643501,0.15032909167464,0.0889056399443986,0.133666190672786,0.120408471222654,0.0843894549529239,0.0891499544971041,0.0842268372697604,0.0777683201513643,0.112492841612997,0.0947215076841891,0.0613689409412674,0.0690386205102236,0.0839406806708334,0.111757995091149,0.11554264606448,0.130116660627717,0.0678578251852302,0.120642834629137,0.070177737309598
"SemiParametricArima_horizon_7.csv","SemiParametricArima",7,0.081085948647212,0.156311074306517,0.0904376975577364,0.138258028642148,0.123418389207152,0.0874794137843504,0.0917515677861708,0.0872368140622292,0.0799261086745572,0.116302819721265,0.100560173093573,0.0626673992585574,0.0716840626393535,0.0862557340476576,0.115315828514083,0.122588989085867,0.138356525703675,0.0697037277617045,0.122329685228847,0.0709980418615229
"SemiParametricArima_horizon_8.csv","SemiParametricArima",8,0.0817496532724764,0.16130087634147,0.0912584125240202,0.142038517275342,0.124821435872254,0.0907437027709789,0.0922799952427369,0.0907486076379107,0.0818960582196341,0.120844818547518,0.103682188472638,0.0628885581145928,0.0736850397925679,0.0871176463808404,0.118360612718864,0.125922922568237,0.145266986035748,0.0708986382288723,0.122912818122491,0.0711429224563879
"SemiParametricArima_horizon_9.csv","SemiParametricArima",9,0.0816034480446382,0.164990993281905,0.0921150816709629,0.146727048388172,0.127410468811989,0.0935496272779143,0.0939333201717379,0.0941069460473078,0.0831695476189608,0.123743807958731,0.10538494909235,0.0628736101290384,0.0747879732673345,0.0888172311121664,0.122703528784604,0.13100836005538,0.150994561064451,0.0712104347460832,0.124439478588527,0.0713197188206804
"SemiParametricArima_horizon_10.csv","SemiParametricArima",10,0.0818000335710855,0.167801591112252,0.0930316602327412,0.148095240710009,0.12945892412214,0.0957902794139863,0.0953095942962248,0.0970020568472272,0.0847872585080826,0.125893105888481,0.107971735470244,0.0629821727494832,0.0753814579912059,0.0894407322540762,0.127168276081891,0.134125196422847,0.157654103684976,0.0719763171219294,0.126055810897427,0.0719932260726637
"SemiParametricArima_horizon_11.csv","SemiParametricArima",11,0.0825426113682205,0.17228047578033,0.0942947212700739,0.149309811468325,0.131538923185846,0.0977568076156015,0.0967161350588751,0.0993382994536855,0.085471942634934,0.127974090514411,0.108796686834094,0.0634403079474411,0.0756015168814036,0.0907153198792912,0.129451785770596,0.137558994615971,0.163850348206283,0.0728009431897178,0.127285717707999,0.0721558109709889
"SemiParametricArima_horizon_12.csv","SemiParametricArima",12,0.0834719082299526,0.176624538832068,0.095367613002658,0.151425566211775,0.1331712913818,0.0999204671087652,0.0983116678622155,0.100332549939814,0.0866603263036491,0.131313771244891,0.110361704385765,0.0643069843560318,0.0760053227897984,0.0921171400546976,0.131274974539426,0.140651284410539,0.169198924710464,0.0733558014055179,0.128849690835358,0.072614879262626
"SemiParametricArima_horizon_13.csv","SemiParametricArima",13,0.0840603324102593,0.178250990487956,0.096344214262452,0.152627635614365,0.135800828031761,0.10112446095376,0.0998904086178983,0.101240011105261,0.0871168238368941,0.133929119046311,0.113323171558261,0.0649789264804321,0.075767927080251,0.0942250983319452,0.134912616111074,0.144390024469746,0.174083866835676,0.0742350498153955,0.130003034040994,0.0727737307566766
"SemiParametricArima_horizon_14.csv","SemiParametricArima",14,0.0847927541371395,0.179610829838006,0.0971575331563463,0.153388995102854,0.137913421528719,0.102507968248136,0.101276806134319,0.10104291472328,0.0886714108283532,0.137215603964993,0.114431814716997,0.0659790208639752,0.0751680235349286,0.0959012488951802,0.137482933130142,0.148400385168971,0.178818637088206,0.0747170931804686,0.131391072404464,0.073220204244221
"SemiParametricArima_horizon_15.csv","SemiParametricArima",15,0.0850915772728777,0.181169469033094,0.0980103059938296,0.154286487256075,0.139644198883076,0.103648057029529,0.102963758368857,0.101814923810295,0.0890951185021833,0.14021626356635,0.115916937039502,0.0667722963178247,0.074253301915809,0.0972410564766881,0.141316931608489,0.151782576331013,0.184372499821336,0.0751321623323726,0.132851903270737,0.0734888613694166
"SemiParametricArima_horizon_16.csv","SemiParametricArima",16,0.0855746342537483,0.182815126185437,0.09896911825062,0.154261760518509,0.140367611268765,0.104997488709645,0.104234380487134,0.103205746359943,0.089806777871905,0.143008786381135,0.115685659030343,0.0671119569873929,0.0736536553661046,0.0984982233485835,0.145028041397311,0.154951213499727,0.188869258971709,0.0756434255490913,0.1341888681992,0.0739084849861501
"SemiParametricArima_horizon_17.csv","SemiParametricArima",17,0.0857754234315521,0.184297758328642,0.0996849193768591,0.154892169787913,0.141303199396453,0.105896567952569,0.104981708562659,0.104880834672895,0.0902768519108894,0.14563386977085,0.115603155911874,0.0673385682800555,0.0732784244445032,0.0995990986895407,0.148944397456333,0.158628825799075,0.194001817443004,0.0761218854484897,0.135124837246901,0.0744329870807747
"SemiParametricArima_horizon_18.csv","SemiParametricArima",18,0.0859153833175652,0.186229419181145,0.100406756043581,0.155420710558148,0.143102293135809,0.106905001990751,0.1053653724638,0.106830852836163,0.090926864512869,0.147895724420742,0.115910634464125,0.0672893519730519,0.0729304150427377,0.100376527437264,0.152443670675039,0.15970923952551,0.199022669089288,0.0763558530614453,0.135900751096165,0.0746557173829806
"SemiParametricArima_horizon_19.csv","SemiParametricArima",19,0.0853052742517209,0.185357933070194,0.101111894948167,0.15627969229531,0.144973378593092,0.107773258331004,0.10632749481867,0.107027842398742,0.0908955715221628,0.150391428081338,0.117788946761851,0.0674142110714159,0.072209193019459,0.100979330337231,0.154994404157162,0.160256436374534,0.204257447789565,0.0767415648733656,0.137019792440097,0.0750472935244356
"SemiParametricArima_horizon_20.csv","SemiParametricArima",20,0.0848858636338945,0.187721311385838,0.101810850140029,0.157585526458052,0.146445367255355,0.109443732145789,0.106392645992553,0.107982155365416,0.0912717383754384,0.153847925801577,0.118449458447425,0.0680622340000893,0.0721298162939768,0.101766159676568,0.158587519530213,0.161373793949945,0.209200711509724,0.0769540631574455,0.137948548920655,0.0749079169020275
"SemiParametricArima_horizon_21.csv","SemiParametricArima",21,0.0852777989471678,0.189336410950027,0.102446096573167,0.158770649151835,0.147721949737902,0.110879517597584,0.106425706230231,0.108725346863216,0.091514790092177,0.157138268804824,0.119563574592315,0.0688573042367521,0.0718631984786353,0.102754652890409,0.161328364657341,0.163314208293648,0.214760999160649,0.0768889701331109,0.138427148332972,0.0751681837609816
"SemiParametricArima_horizon_22.csv","SemiParametricArima",22,0.0849338537322356,0.190098806224352,0.103236794002509,0.158953388357072,0.148378972132332,0.11188734420021,0.106313882407269,0.108977245150179,0.0917165526363895,0.159578257297955,0.120002404941011,0.069037696370319,0.0717660881935006,0.103289808375171,0.163299739975294,0.164978454906947,0.219655212684941,0.0771708738425926,0.139925096646264,0.0751403381463869
"SemiParametricArima_horizon_23.csv","SemiParametricArima",23,0.0854278592394492,0.193301837124171,0.104161763897056,0.158025199197301,0.149586991905173,0.113359372838022,0.1072412412645,0.109106082751979,0.0926180303393136,0.162214536916585,0.121246866468714,0.0694704811408033,0.0716314718371365,0.1040311035895,0.165614381368929,0.165762835927641,0.223569208965979,0.0773631578317096,0.140724719574838,0.0753876917846944
"SemiParametricArima_horizon_24.csv","SemiParametricArima",24,0.0860075365261253,0.196643418014325,0.105141215530372,0.159069414813532,0.150883869016475,0.114794725353116,0.107703214258589,0.108992504411247,0.0937918404230483,0.164854423064438,0.121485025373116,0.0696639540316188,0.0722370059355268,0.105251037812482,0.167976797556184,0.167151616168461,0.22766851422424,0.0776131273353224,0.142431206842332,0.075512917621898
"TBATS_horizon_1.csv","TBATS",1,0.0527715377314475,0.0727426576813032,0.0565952897856527,0.0905037831989484,0.0818007511053299,0.0619257198544079,0.0606069416629285,0.0530197227090817,0.0563606934084413,0.0689432344495964,0.0657661860560712,0.0512697587748909,0.0475716031028292,0.0566099576578596,0.0736160257181549,0.0661671507642082,0.0630415143763023,0.0556359482810924,0.0749781111508436,0.0562544296880877
"TBATS_horizon_2.csv","TBATS",2,0.0893692866895838,0.0989645965706542,0.0934924281914959,0.126547439971609,0.113229018421399,0.0935399196772014,0.0848265165022754,0.081010465309553,0.0813688718909184,0.105044697190513,0.0955392674578193,0.0732268776034148,0.06878599793073,0.0769758327061806,0.108422408001406,0.0973045339817144,0.0972202748459265,0.0769742090110604,0.112945058195086,0.0812390885149715
"TBATS_horizon_3.csv","TBATS",3,0.104324913985474,0.115127137544933,0.0985206108350866,0.14431414125923,0.137680702689368,0.0982616896703925,0.100283865053498,0.0907031229102373,0.0925921459187223,0.119149891949544,0.109334165136702,0.082067221664778,0.0832109240694611,0.0924647520985907,0.129422216246404,0.117099515958425,0.118583047851922,0.0818069544191194,0.138692935118247,0.0893632171461578
"TBATS_horizon_4.csv","TBATS",4,0.110787907032887,0.135153335076492,0.106019958393826,0.169534182609164,0.155098522690517,0.107140597038041,0.110807999873427,0.0936708109546166,0.0982447653915329,0.138941346447011,0.118813354890812,0.0890991384405204,0.098886148086797,0.10050676536601,0.143562018611697,0.133948337805657,0.134854152399485,0.0853028547494242,0.140225237791411,0.0979429870371098
"TBATS_horizon_5.csv","TBATS",5,0.116796794065745,0.153497486925877,0.106803780843158,0.185595225164181,0.171161176703741,0.112124851145849,0.118856469096594,0.0990624921653797,0.104964882426777,0.153907638192663,0.127795127100003,0.0915438627816921,0.110263467395385,0.10689051712112,0.158321164289771,0.150021844843729,0.149746908620291,0.0873926357285919,0.139815433761688,0.104055175792979
"TBATS_horizon_6.csv","TBATS",6,0.118849774418997,0.163649193131739,0.107600369130799,0.199009831349276,0.181934563700052,0.116772930683214,0.120933135812725,0.103107939949835,0.11174536930794,0.163748272590153,0.135028092691934,0.0953386523796319,0.122411780810158,0.111608279705643,0.168404469003663,0.164000537053569,0.160177462574462,0.0886344291245329,0.140051018737963,0.104951229859735
"TBATS_horizon_7.csv","TBATS",7,0.120483487967086,0.173115838640538,0.10715760737452,0.204911637090546,0.191041252191236,0.121662109155555,0.122315300270737,0.105682161621001,0.115244743140416,0.16958660074561,0.14257404233016,0.0984675949987144,0.131740933016186,0.114861395562074,0.179587957846914,0.171407603361826,0.169456186433533,0.0881726690330236,0.145245899170828,0.105738283911303
"TBATS_horizon_8.csv","TBATS",8,0.120585995744206,0.180846197310728,0.104910395441052,0.206194609062598,0.192891930642351,0.125969309832728,0.121406961959559,0.107982968741193,0.113875342197686,0.174144593945635,0.142154325565736,0.0981489240167329,0.141920690342401,0.114889629425936,0.186602019771335,0.172201427575489,0.176218207573122,0.0879017469496617,0.138969530614068,0.10381513876132
"TBATS_horizon_9.csv","TBATS",9,0.115547802380034,0.184135690602955,0.101233870431013,0.211519306488131,0.195915021227952,0.128066611634712,0.120013773076481,0.109868377629635,0.113779064523069,0.177984193720691,0.142635192407016,0.0969813987785391,0.149765015815203,0.114625573212964,0.195037193846069,0.176713938155721,0.181488975522989,0.0850901051332705,0.139418597458066,0.10367252187597
"TBATS_horizon_10.csv","TBATS",10,0.112190038159534,0.186313618947376,0.0976201446908876,0.206037713544001,0.198315243373292,0.129878126896636,0.118758183420051,0.111150037546577,0.112688514946678,0.178570957173852,0.139709787507718,0.095336341809724,0.153953048155066,0.114101607026521,0.20289628824845,0.17691120826696,0.184247788914309,0.0844901832441081,0.136100620898725,0.101869445193498
"TBATS_horizon_11.csv","TBATS",11,0.110930305329916,0.184704985048868,0.0957291778347482,0.204150666996978,0.197943876238047,0.126995569979914,0.117643871617119,0.113191979045927,0.114324693663597,0.179557851175832,0.139217185522231,0.0943317720354014,0.156634882885797,0.115110901803978,0.205219216273291,0.177690104260253,0.188234208942245,0.0850678959458429,0.13422238067922,0.10251108892766
"TBATS_horizon_12.csv","TBATS",12,0.11058580569907,0.181978828769962,0.0947769983431128,0.201686170159371,0.199148830716319,0.129004649183121,0.116634367444302,0.111421336464402,0.111443666604589,0.182291834064339,0.141360536692952,0.0926458020614835,0.159935943858601,0.115484302878338,0.205392773923573,0.176419621045702,0.190145201021553,0.0846175930455527,0.135037573723223,0.102969131681025
"TBATS_horizon_13.csv","TBATS",13,0.111534889494881,0.18338320112511,0.0949523183568551,0.202027600150582,0.20016367796147,0.127739987945559,0.118160693416157,0.112901413079715,0.108611350998727,0.184089891538504,0.143333685106426,0.0942809163078901,0.162210861868288,0.115917626805549,0.212317007678722,0.17959884227158,0.194014997132984,0.0836165860115601,0.136540215963413,0.10246859132791
"TBATS_horizon_14.csv","TBATS",14,0.112273057592287,0.185627447286799,0.0960791005110168,0.200143040808587,0.201851655020745,0.1312678190921,0.119745484154756,0.11420904147747,0.109131566805764,0.188436676134733,0.141125795832174,0.0944346739027988,0.162000647037337,0.118672833568465,0.217317349625122,0.184288710185877,0.199184717904811,0.084326586245724,0.136080321715304,0.102117150735867
"TBATS_horizon_15.csv","TBATS",15,0.115908462514796,0.187203164315042,0.0979967724698013,0.199804047991805,0.20562733338472,0.130898153852601,0.122961166865824,0.115668075499894,0.112032838787886,0.194128011232302,0.145235027793538,0.0957612880596725,0.161770764343044,0.123474478679252,0.222259490911846,0.190043786643547,0.202615891055596,0.0854752737989335,0.137679478637023,0.102730493415332
"TBATS_horizon_16.csv","TBATS",16,0.120045873046228,0.192182885012668,0.101201235795568,0.203777110717802,0.208848008028884,0.134006833823154,0.126038082894373,0.116323630418533,0.110333233837478,0.197175891267868,0.149344567692581,0.0973152636016435,0.158000528348578,0.126543367016799,0.226265237776754,0.19809247007768,0.208338589248613,0.087717452819444,0.140419378221615,0.102071737611397
"TBATS_horizon_17.csv","TBATS",17,0.121425357063544,0.1944488014685,0.102585288956401,0.208104336350635,0.209894742613019,0.134934516387199,0.127626620288744,0.117956532894999,0.112674521787699,0.200720242999046,0.152896764183914,0.097226349204603,0.154084550519078,0.130706583909568,0.231052273103975,0.206038672820487,0.214537008454823,0.0892467596954978,0.1398353596568,0.101505291101641
"TBATS_horizon_18.csv","TBATS",18,0.12180955024691,0.193966485433765,0.102714013041481,0.203174718442234,0.208714483940292,0.135643957457826,0.127339746662576,0.119409669396635,0.114893273033823,0.203355310122154,0.153627531969745,0.0975518870742921,0.150863919522008,0.131948525773925,0.238800298607953,0.210453070419575,0.216613697286413,0.0889098497470911,0.14655097551291,0.100396384936462
"TBATS_horizon_19.csv","TBATS",19,0.120282000121576,0.194141052653919,0.100452685962642,0.201720691890177,0.210069127480376,0.13506415074811,0.127781802525723,0.116376930363895,0.114081452993078,0.206005155313254,0.155960625582772,0.0960204272031973,0.146444360346456,0.130272618660155,0.240544395141973,0.210662556538853,0.219940845068203,0.0880996665322009,0.139006706750412,0.100765972126354
"TBATS_horizon_20.csv","TBATS",20,0.117250532721992,0.190428200097498,0.0977102055470685,0.199008158952001,0.211451157729346,0.133273086553845,0.126334246888032,0.117679011366831,0.115865411643502,0.208019887145605,0.153223492230497,0.0964470405829646,0.142232616217058,0.128790740098499,0.24250127646713,0.209634422394873,0.217193764287558,0.0861667716016921,0.142629157159418,0.0988914287169621
"TBATS_horizon_21.csv","TBATS",21,0.113027083535094,0.182683823154286,0.095137550987383,0.196361069592667,0.211114251061944,0.132247781924902,0.124385167582295,0.119351825940376,0.116320638083247,0.210415834825521,0.154679215364142,0.0970279203452579,0.137800716137412,0.128095689741092,0.244785358929246,0.208390693379903,0.218547614236799,0.084334646044164,0.13468766432833,0.0978642150061659
"TBATS_horizon_22.csv","TBATS",22,0.110453629882552,0.172966483442453,0.0929105021282145,0.194804931233472,0.207727952123634,0.13178519042227,0.122526672111637,0.118055520372846,0.113500341061146,0.211532279444628,0.146093725922071,0.092988190195301,0.134318337291119,0.12464794498539,0.242623380978222,0.204217297712583,0.217857612125856,0.0818111748144767,0.137935111203664,0.0954996760494257
"TBATS_horizon_23.csv","TBATS",23,0.106924624966211,0.168020484137762,0.0902616503696517,0.192397648401932,0.19974429973898,0.130665091674705,0.121252296425562,0.114676611309447,0.109925763799253,0.208390951719977,0.140817375568625,0.090288613049217,0.131438576742076,0.119909068958744,0.237268420335925,0.196954321121911,0.214119849751026,0.0785811502430254,0.131564680721865,0.0946971777222587
"TBATS_horizon_24.csv","TBATS",24,0.101673998658215,0.159113319264177,0.0880321441464215,0.199029204877156,0.192679124222812,0.129598766916913,0.122267357320288,0.11310854981016,0.112795280892625,0.207875796921909,0.134196630665281,0.0880497954226255,0.125297872571573,0.116855088188044,0.235461595387075,0.191603682213488,0.21487087135986,0.0783883362726581,0.129828127453492,0.0927322426604952
